{"cameraMode":{"drawMode":0,"name":"Shaded","section":"Shading Mode"},"sceneLighting":false,"audioPlay":false,"sceneViewState":{"m_AlwaysRefresh":false,"showFog":true,"showSkybox":false,"showFlares":true,"showImageEffects":true,"showParticleSystems":true,"showVisualEffectGraphs":true,"m_FxEnabled":true},"in2DMode":false,"pivot":{"x":-1.0362067222595215,"y":0.8869729042053223,"z":0.415621280670166},"rotation":{"x":0.02687041088938713,"y":-0.005401507019996643,"z":0.00014091163757257164,"w":0.9996474981307983},"size":0.8660253882408142,"orthographic":false}