{"cameraMode":{"drawMode":0,"name":"Shaded","section":"Shading Mode"},"sceneLighting":false,"audioPlay":false,"sceneViewState":{"m_AlwaysRefresh":false,"showFog":true,"showSkybox":false,"showFlares":true,"showImageEffects":true,"showParticleSystems":true,"showVisualEffectGraphs":true,"m_FxEnabled":true},"in2DMode":false,"pivot":{"x":10.352839469909668,"y":0.03383374214172363,"z":1.7002606391906739},"rotation":{"x":-0.0714876800775528,"y":-0.700372040271759,"z":0.07083960622549057,"w":-0.7066909074783325},"size":0.8660253882408142,"orthographic":false}