{"cameraMode":{"drawMode":0,"name":"Shaded","section":"Shading Mode"},"sceneLighting":true,"audioPlay":false,"sceneViewState":{"m_AlwaysRefresh":false,"showFog":true,"showSkybox":true,"showFlares":true,"showImageEffects":true,"showParticleSystems":true,"showVisualEffectGraphs":true,"m_FxEnabled":true},"in2DMode":false,"pivot":{"x":0.2862374186515808,"y":-6.510469436645508,"z":21.408794403076173},"rotation":{"x":0.38977259397506716,"y":0.006106703542172909,"z":-0.002509510610252619,"w":0.9209380149841309},"size":8.328012466430664,"orthographic":false}